<?xml version="1.0" encoding="UTF-8"?><rss version="2.0"
	xmlns:content="http://purl.org/rss/1.0/modules/content/"
	xmlns:wfw="http://wellformedweb.org/CommentAPI/"
	xmlns:dc="http://purl.org/dc/elements/1.1/"
	xmlns:atom="http://www.w3.org/2005/Atom"
	xmlns:sy="http://purl.org/rss/1.0/modules/syndication/"
	xmlns:slash="http://purl.org/rss/1.0/modules/slash/"
	>

<channel>
	<title>Famous Sayings (名言) &#8211; Eternal Center</title>
	<atom:link href="./index.html" rel="self" type="application/rss+xml" />
	<link>./../../../../../index.html</link>
	<description></description>
	<lastBuildDate>Sat, 11 Jun 2022 15:06:25 +0000</lastBuildDate>
	<language>en-US</language>
	<sy:updatePeriod>
	hourly	</sy:updatePeriod>
	<sy:updateFrequency>
	1	</sy:updateFrequency>
	
	<item>
		<title>Friedrich Wilhelm Nietzsche (弗里德里希·威廉·尼采):</title>
		<link>./../../../../../friedrich-wilhelm-nietzsche-3/index.html</link>
		
		<dc:creator><![CDATA[Mingyu Zhu]]></dc:creator>
		<pubDate>Fri, 23 Oct 2020 13:13:12 +0000</pubDate>
				<category><![CDATA[Chinese (中文)]]></category>
		<category><![CDATA[Classics (经典)]]></category>
		<category><![CDATA[English (英文)]]></category>
		<category><![CDATA[Famous Sayings (名言)]]></category>
		<category><![CDATA[Famous Sayings & Paragraphs (名言 & 段落)]]></category>
		<category><![CDATA[Friedrich Wilhelm Nietzsche (弗里德里希·威廉·尼采)]]></category>
		<category><![CDATA[Thinkers (思想家)]]></category>
		<guid isPermaLink="false">./../../../../../index.html?p=11585</guid>

					<description><![CDATA[Reading history makes people wise, poetry witty, mathematics thoughtful, science profound, ethics solemn, logic and rhetoric makes people eloquent. 读史使人明智，读诗使人灵秀，数学使人周密，科学使人深刻，伦理学使人庄重，逻辑修辞之学使人善辩；凡有所学，皆成性格。]]></description>
										<content:encoded><![CDATA[
<p>Reading history makes people wise, poetry witty, mathematics thoughtful, science profound, ethics solemn, logic and rhetoric makes people eloquent.</p>



<p>读史使人明智，读诗使人灵秀，数学使人周密，科学使人深刻，伦理学使人庄重，逻辑修辞之学使人善辩；凡有所学，皆成性格。</p>
]]></content:encoded>
					
		
		
			</item>
		<item>
		<title>Friedrich Wilhelm Nietzsche (弗里德里希·威廉·尼采 ):</title>
		<link>./../../../../../friedrich-wilhelm-nietzsche-2/index.html</link>
		
		<dc:creator><![CDATA[Mingyu Zhu]]></dc:creator>
		<pubDate>Sun, 27 Jan 2019 13:16:07 +0000</pubDate>
				<category><![CDATA[Chinese (中文)]]></category>
		<category><![CDATA[Classics (经典)]]></category>
		<category><![CDATA[English (英文)]]></category>
		<category><![CDATA[Famous Sayings (名言)]]></category>
		<category><![CDATA[Famous Sayings & Paragraphs (名言 & 段落)]]></category>
		<category><![CDATA[Friedrich Wilhelm Nietzsche (弗里德里希·威廉·尼采)]]></category>
		<category><![CDATA[Thinkers (思想家)]]></category>
		<guid isPermaLink="false">./../../../../../index.html?p=1822</guid>

					<description><![CDATA[Human life can not be measured by the length of time. When the heart is full of love, the moment is eternal! ——It really can&#8217;t be measured by the length of time. 人类的生命，不能以时间长短来衡量，心中充满爱时，刹那即永恒！——真的是不能以时间长短加以衡量。]]></description>
										<content:encoded><![CDATA[
<p>Human life can not be measured by the length of time. When the heart is full of love, the moment is eternal! ——It really can&#8217;t be measured by the length of time.</p>



<p>人类的生命，不能以时间长短来衡量，心中充满爱时，刹那即永恒！——真的是不能以时间长短加以衡量。</p>
]]></content:encoded>
					
		
		
			</item>
		<item>
		<title>Lev Nikolayevich Tolstoy (列夫·尼古拉耶维奇·托尔斯泰):</title>
		<link>./../../../../../lev-nikolayevich-tolstoy-1/index.html</link>
		
		<dc:creator><![CDATA[Mingyu Zhu]]></dc:creator>
		<pubDate>Thu, 24 Jan 2019 15:36:26 +0000</pubDate>
				<category><![CDATA[Chinese (中文)]]></category>
		<category><![CDATA[Classics (经典)]]></category>
		<category><![CDATA[English (英文)]]></category>
		<category><![CDATA[Famous Sayings (名言)]]></category>
		<category><![CDATA[Famous Sayings & Paragraphs (名言 & 段落)]]></category>
		<category><![CDATA[Lev Nikolayevich Tolstoy (列夫·尼古拉耶维奇·托尔斯泰)]]></category>
		<category><![CDATA[Writers (作家)]]></category>
		<guid isPermaLink="false">./../../../../../index.html?p=1638</guid>

					<description><![CDATA[What matters is not the quantity of knowledge, but the quality of knowledge. Some people know a lot, but don&#8217;t know the most useful thing. 重要的不是知识的数量，而是知识的质量，有些人知道很多很多，但却不知道最有用的东西。]]></description>
										<content:encoded><![CDATA[
<p>What matters is not the quantity of knowledge, but the quality of knowledge. Some people know a lot, but don&#8217;t know the most useful thing.</p>



<p>重要的不是知识的数量，而是知识的质量，有些人知道很多很多，但却不知道最有用的东西。</p>
]]></content:encoded>
					
		
		
			</item>
		<item>
		<title>Euripides (欧里庇得斯):</title>
		<link>./../../../../../euclid-1/index.html</link>
		
		<dc:creator><![CDATA[Mingyu Zhu]]></dc:creator>
		<pubDate>Tue, 15 Jan 2019 15:24:20 +0000</pubDate>
				<category><![CDATA[Chinese (中文)]]></category>
		<category><![CDATA[Classics (经典)]]></category>
		<category><![CDATA[English (英文)]]></category>
		<category><![CDATA[Euripides (欧里庇得斯)]]></category>
		<category><![CDATA[Famous Sayings (名言)]]></category>
		<category><![CDATA[Famous Sayings & Paragraphs (名言 & 段落)]]></category>
		<category><![CDATA[Poets (诗人)]]></category>
		<guid isPermaLink="false">./../../../../../index.html?p=1220</guid>

					<description><![CDATA[Wise people choose their own direction. 有智慧的人自己选择方向。]]></description>
										<content:encoded><![CDATA[
<p>Wise people choose their own direction.</p>



<p>有智慧的人自己选择方向。</p>
]]></content:encoded>
					
		
		
			</item>
		<item>
		<title>Aristotle (亚里士多德):</title>
		<link>./../../../../../aristotle-1/index.html</link>
		
		<dc:creator><![CDATA[Mingyu Zhu]]></dc:creator>
		<pubDate>Tue, 15 Jan 2019 15:19:20 +0000</pubDate>
				<category><![CDATA[Aristotle (亚里士多德)]]></category>
		<category><![CDATA[Chinese (中文)]]></category>
		<category><![CDATA[Classics (经典)]]></category>
		<category><![CDATA[English (英文)]]></category>
		<category><![CDATA[Famous Sayings (名言)]]></category>
		<category><![CDATA[Famous Sayings & Paragraphs (名言 & 段落)]]></category>
		<category><![CDATA[Thinkers (思想家)]]></category>
		<guid isPermaLink="false">./../../../../../index.html?p=1216</guid>

					<description><![CDATA[I have learned this through philosophy: I act out of self-consciousness, others act only because of fear of the law. 我通过哲学了解了这一点：我行事是出于自觉，他人行事只是因为害怕法律。]]></description>
										<content:encoded><![CDATA[
<p>I have learned this through philosophy: I act out of self-consciousness, others act only because of fear of the law.</p>



<p>我通过哲学了解了这一点：我行事是出于自觉，他人行事只是因为害怕法律。</p>
]]></content:encoded>
					
		
		
			</item>
		<item>
		<title>Laozi (老子)：</title>
		<link>./../../../../../laozi-1/index.html</link>
		
		<dc:creator><![CDATA[Mingyu Zhu]]></dc:creator>
		<pubDate>Tue, 15 Jan 2019 15:13:23 +0000</pubDate>
				<category><![CDATA[Chinese (中文)]]></category>
		<category><![CDATA[Classics (经典)]]></category>
		<category><![CDATA[English (英文)]]></category>
		<category><![CDATA[Famous Sayings (名言)]]></category>
		<category><![CDATA[Famous Sayings & Paragraphs (名言 & 段落)]]></category>
		<category><![CDATA[Laozi (老子)]]></category>
		<category><![CDATA[Thinkers (思想家)]]></category>
		<guid isPermaLink="false">./../../../../../index.html?p=1212</guid>

					<description><![CDATA[Give a man a fish and you feed him for a day. 授人以鱼，不如授人以渔。]]></description>
										<content:encoded><![CDATA[
<p>Give a man a fish and you feed him for a day.</p>



<p>授人以鱼，不如授人以渔。</p>
]]></content:encoded>
					
		
		
			</item>
		<item>
		<title>Friedrich Wilhelm Nietzsche (弗里德里希·威廉·尼采):</title>
		<link>./../../../../../friedrich-wilhelm-nietzsche-1/index.html</link>
		
		<dc:creator><![CDATA[Mingyu Zhu]]></dc:creator>
		<pubDate>Sun, 06 Jan 2019 13:20:27 +0000</pubDate>
				<category><![CDATA[Chinese (中文)]]></category>
		<category><![CDATA[Classics (经典)]]></category>
		<category><![CDATA[English (英文)]]></category>
		<category><![CDATA[Famous Sayings (名言)]]></category>
		<category><![CDATA[Famous Sayings & Paragraphs (名言 & 段落)]]></category>
		<category><![CDATA[Friedrich Wilhelm Nietzsche (弗里德里希·威廉·尼采)]]></category>
		<category><![CDATA[Thinkers (思想家)]]></category>
		<guid isPermaLink="false">./../../../../../index.html?p=617</guid>

					<description><![CDATA[Most thinkers write poorly because they want to convey not only their own ideas, but also the process of thinking. 大多数思想家写得拙劣，因为他们不仅要传达自己的思想，而且要传达思考的过程。]]></description>
										<content:encoded><![CDATA[
<p>Most thinkers write poorly because they want to convey not only their own ideas, but also the process of thinking.                                                                                                               </p>



<p>大多数思想家写得拙劣，因为他们不仅要传达自己的思想，而且要传达思考的过程。</p>
]]></content:encoded>
					
		
		
			</item>
	</channel>
</rss>
