<?xml version="1.0" encoding="UTF-8"?><rss version="2.0"
	xmlns:content="http://purl.org/rss/1.0/modules/content/"
	xmlns:wfw="http://wellformedweb.org/CommentAPI/"
	xmlns:dc="http://purl.org/dc/elements/1.1/"
	xmlns:atom="http://www.w3.org/2005/Atom"
	xmlns:sy="http://purl.org/rss/1.0/modules/syndication/"
	xmlns:slash="http://purl.org/rss/1.0/modules/slash/"
	>

<channel>
	<title>Management Articles (管理类文章) &#8211; Eternal Center</title>
	<atom:link href="./index.html" rel="self" type="application/rss+xml" />
	<link>./../../../../../index.html</link>
	<description></description>
	<lastBuildDate>Sun, 19 Jun 2022 04:02:37 +0000</lastBuildDate>
	<language>en-US</language>
	<sy:updatePeriod>
	hourly	</sy:updatePeriod>
	<sy:updateFrequency>
	1	</sy:updateFrequency>
	
	<item>
		<title>问题排查的方法</title>
		<link>./../../../../../troubleshooting-methods/index.html</link>
		
		<dc:creator><![CDATA[Mingyu Zhu]]></dc:creator>
		<pubDate>Mon, 23 May 2022 15:30:26 +0000</pubDate>
				<category><![CDATA[Articles (文章)]]></category>
		<category><![CDATA[Chinese (中文)]]></category>
		<category><![CDATA[Creations (创作)]]></category>
		<category><![CDATA[Information Technology (IT) Articles (信息技术类文章)]]></category>
		<category><![CDATA[Management Articles (管理类文章)]]></category>
		<category><![CDATA[Project (项目)]]></category>
		<category><![CDATA[Project Ideas (项目思路)]]></category>
		<guid isPermaLink="false">./../../../../../index.html?p=23610</guid>

					<description><![CDATA[方法一：按时间顺序分析 （Chronological Analysis） 根据问题发生的时间线，回溯最近发生了哪些情况和做了哪些变更，通过回溯找到发生问题的原因 方法二：深度价值分析 （Pain Value Analysis） 根据事件的重要性和特点找到其核心点，并根据核心点分析产生问题的核心 方法三：KTKT 分析 （Kepner and Tregoe） 对发生的问题进行定义，对问题的特征进行描述，通过定义和特征逐一排查，找到可能导致问题的原因 方法四：头脑风暴 （Brainstorming） 大家一起什么都想，快速获得任何和问题相关的信息，但是得到信息往往不够客观 方法五：鱼骨图 （Ishikawa Diagrams） 将发生的问题看成一个主线，分析每一条汇入这条主线的分线，这些分线都有可能导致最后出现在主线上的问题，最终找到导致主线问题的原因在哪条分线上 方法六：帕累托分析 （Pareto Analysis） 分析哪些问题影响最大，先解决所有问题中最重要的那 20%，因为往往解决最重要的 20% 问题可能就会达到 80% 的效果 方法七：5 个为什么 （5 Why） 5 个为什么只是一个抽象的概念，真实情况是对发生问题的原因一只追问下去，先问导致问题的原因是什么，根据这个原因再问导致这个原因的原因是什么，直到问到根本原因以后才停止，此方法由日本丰田公司大野耐一发明。使用此方法需要注意：1) 避免使用借口回答问题2) 避免在追问的过程中牵扯到人的心理3) 避免回答问题时推卸责任4) 避免各个问题之间没有层级关系]]></description>
										<content:encoded><![CDATA[
<h3>方法一：按时间顺序分析 （Chronological Analysis）</h3>



<p>根据问题发生的时间线，回溯最近发生了哪些情况和做了哪些变更，通过回溯找到发生问题的原因</p>



<h3>方法二：深度价值分析 （Pain Value Analysis）</h3>



<p>根据事件的重要性和特点找到其核心点，并根据核心点分析产生问题的核心</p>



<h3>方法三：KTKT 分析 （Kepner and Tregoe）</h3>



<p>对发生的问题进行定义，对问题的特征进行描述，通过定义和特征逐一排查，找到可能导致问题的原因</p>



<h3>方法四：头脑风暴 （Brainstorming）</h3>



<p>大家一起什么都想，快速获得任何和问题相关的信息，但是得到信息往往不够客观</p>



<h3>方法五：鱼骨图 （Ishikawa Diagrams）</h3>



<p>将发生的问题看成一个主线，分析每一条汇入这条主线的分线，这些分线都有可能导致最后出现在主线上的问题，最终找到导致主线问题的原因在哪条分线上</p>



<h3>方法六：帕累托分析 （Pareto Analysis）</h3>



<p>分析哪些问题影响最大，先解决所有问题中最重要的那 20%，因为往往解决最重要的 20% 问题可能就会达到 80% 的效果</p>



<h3>方法七：5 个为什么 （5 Why）</h3>



<p>5 个为什么只是一个抽象的概念，真实情况是对发生问题的原因一只追问下去，先问导致问题的原因是什么，根据这个原因再问导致这个原因的原因是什么，直到问到根本原因以后才停止，此方法由日本丰田公司大野耐一发明。使用此方法需要注意：<br>1) 避免使用借口回答问题<br>2) 避免在追问的过程中牵扯到人的心理<br>3) 避免回答问题时推卸责任<br>4) 避免各个问题之间没有层级关系</p>
]]></content:encoded>
					
		
		
			</item>
	</channel>
</rss>
