<?xml version="1.0" encoding="UTF-8"?><rss version="2.0"
	xmlns:content="http://purl.org/rss/1.0/modules/content/"
	xmlns:wfw="http://wellformedweb.org/CommentAPI/"
	xmlns:dc="http://purl.org/dc/elements/1.1/"
	xmlns:atom="http://www.w3.org/2005/Atom"
	xmlns:sy="http://purl.org/rss/1.0/modules/syndication/"
	xmlns:slash="http://purl.org/rss/1.0/modules/slash/"
	>

<channel>
	<title>Arts (艺术) &#8211; Eternal Center</title>
	<atom:link href="./index.html" rel="self" type="application/rss+xml" />
	<link>./../../../../../index.html</link>
	<description></description>
	<lastBuildDate>Sat, 11 Jun 2022 14:53:03 +0000</lastBuildDate>
	<language>en-US</language>
	<sy:updatePeriod>
	hourly	</sy:updatePeriod>
	<sy:updateFrequency>
	1	</sy:updateFrequency>
	
	<item>
		<title>苏格拉底之死 （由雅克-路易·大卫创作）</title>
		<link>./../../../../../the-death-of-socrates/index.html</link>
		
		<dc:creator><![CDATA[Mingyu Zhu]]></dc:creator>
		<pubDate>Mon, 29 Jul 2019 13:09:25 +0000</pubDate>
				<category><![CDATA[Articles (文章)]]></category>
		<category><![CDATA[Arts (艺术)]]></category>
		<category><![CDATA[Chinese (中文)]]></category>
		<category><![CDATA[Classics (经典)]]></category>
		<category><![CDATA[Creations (创作)]]></category>
		<category><![CDATA[Famous Books & Arts & Music & Movies & Games & Cultural Relics (名著 & 艺术 & 音乐 & 电影 & 游戏 & 文物)]]></category>
		<category><![CDATA[Great Human Articles (伟人类文章)]]></category>
		<category><![CDATA[Jacques-Louis David (雅克-路易·大卫)]]></category>
		<category><![CDATA[图片 Picture]]></category>
		<guid isPermaLink="false">./../../../../../index.html?p=4906</guid>

					<description><![CDATA[被判死刑的苏格拉底，拒绝逃亡选择了遵守他所认同的法律并走向死亡。如果连自己所认同的法律都不去遵守，那法律就会失去他的权威和功能。如果法律失去了权威和功能，正义也就不复存在。如果正义不复存在，那社会就再也没有秩序和文明可言，主体道德、文化、经济、艺术、科学都将被连根拔起。这位人类文明的逻辑学之父，在用生命诠释法律的真正含义。这是一首能为后世带来无限财富的挽歌。这是一个某些理念值得用生命去守护的铁证。]]></description>
										<content:encoded><![CDATA[<div class="wp-block-image">
<figure class="aligncenter size-large"><img width="1024" height="671" src="./../../../../../wp-content/uploads/2021/12/Death-of-Socrates-1024x671.jpeg" alt="" class="wp-image-19646" srcset="./../../../../../wp-content/uploads/2021/12/Death-of-Socrates-1024x671.jpeg 1024w, ./../../../../../wp-content/uploads/2021/12/Death-of-Socrates-300x197.jpeg 300w, ./../../../../../wp-content/uploads/2021/12/Death-of-Socrates-768x503.jpeg 768w, ./../../../../../wp-content/uploads/2021/12/Death-of-Socrates.jpeg 1080w" sizes="(max-width: 767px) 89vw, (max-width: 1000px) 54vw, (max-width: 1071px) 543px, 580px" /></figure></div>


<p>被判死刑的苏格拉底，拒绝逃亡选择了遵守他所认同的法律并走向死亡。如果连自己所认同的法律都不去遵守，那法律就会失去他的权威和功能。如果法律失去了权威和功能，正义也就不复存在。如果正义不复存在，那社会就再也没有秩序和文明可言，主体道德、文化、经济、艺术、科学都将被连根拔起。这位人类文明的逻辑学之父，在用生命诠释法律的真正含义。这是一首能为后世带来无限财富的挽歌。这是一个某些理念值得用生命去守护的铁证。</p>
]]></content:encoded>
					
		
		
			</item>
	</channel>
</rss>
