<?xml version="1.0" encoding="UTF-8"?><rss version="2.0"
	xmlns:content="http://purl.org/rss/1.0/modules/content/"
	xmlns:wfw="http://wellformedweb.org/CommentAPI/"
	xmlns:dc="http://purl.org/dc/elements/1.1/"
	xmlns:atom="http://www.w3.org/2005/Atom"
	xmlns:sy="http://purl.org/rss/1.0/modules/syndication/"
	xmlns:slash="http://purl.org/rss/1.0/modules/slash/"
	>

<channel>
	<title>Automation Maintenance (自动化运维) &#8211; Eternal Center</title>
	<atom:link href="./index.html" rel="self" type="application/rss+xml" />
	<link>./../../../../../index.html</link>
	<description></description>
	<lastBuildDate>Sun, 19 Jun 2022 07:02:21 +0000</lastBuildDate>
	<language>en-US</language>
	<sy:updatePeriod>
	hourly	</sy:updatePeriod>
	<sy:updateFrequency>
	1	</sy:updateFrequency>
	
	<item>
		<title>[工具] Shell 博客 WordPress 数据去隐私化</title>
		<link>./../../../../../shell-blog-wordpress-de-privacy/index.html</link>
		
		<dc:creator><![CDATA[Mingyu Zhu]]></dc:creator>
		<pubDate>Sat, 18 Dec 2021 16:12:50 +0000</pubDate>
				<category><![CDATA[Automation Maintenance (自动化运维)]]></category>
		<category><![CDATA[Chinese (中文)]]></category>
		<category><![CDATA[Languages (语言)]]></category>
		<category><![CDATA[Nginx]]></category>
		<category><![CDATA[Nginx Management (管理)]]></category>
		<category><![CDATA[Personal Website Building (个人网站建设)]]></category>
		<category><![CDATA[Project (项目)]]></category>
		<category><![CDATA[Services (服务)]]></category>
		<category><![CDATA[Shell]]></category>
		<category><![CDATA[Shell Backup (备份)]]></category>
		<category><![CDATA[Website Services (网站服务)]]></category>
		<guid isPermaLink="false">./../../../../../index.html?p=19868</guid>

					<description><![CDATA[介绍 作者：朱明宇名称：Shell 博客 WordPress 数据去隐私化作用：修改 WordPress 备份中某个用户的密码并再次进行备份 使用方法：1. 在此脚本的分割线内写入相应的内容2. 给此脚本添加执行权限3. 执行此脚本 脚本分割线里的变量：1. path=/home/zhumingyu/EternalCenter #本地备份目录2. filename=eternalcenter-backup #本地备份文件3. cpath=&#8221;/srv/www/htdocs&#8221; #网站程序目录4. sqlfile=eternalcenter/eternalcenter.sql #网站数据库数据备份5. tarfile=eternalcenter/eternalcenter.tar.gz #网站网页数据备份6. newfilename=clone-eternalcenter-backup #新备份的文件名7. user=&#8217;Mingyu Zhu&#8217; #要修改密码的用户8. newpw=eternalcenter #新的用户密码9. dbuser=ec #用于连接数据库的用户10. dbuserpw=eternalcenter #用于连接数据库的密码11. db=ec #网站数据库数据在数据库中的库 注意：1. 本地需要已经搭建好 LNMP 平台2. 执行此脚本的用户需要有远程服务器的 sudo tar 和 sudo rm 权限3. 脚本 ”mysql -uroot -p&#8217;eternalcenter&#8217; -e &#8220;drop database $db;&#8221;“ 中 &#8230; <p class="link-more"><a href="./../../../../../shell-blog-wordpress-de-privacy/index.html" class="more-link">Continue reading<span class="screen-reader-text"> "[工具] Shell 博客 WordPress 数据去隐私化"</span></a></p>]]></description>
										<content:encoded><![CDATA[
<h2>介绍</h2>



<p>作者：朱明宇<br>名称：Shell 博客 WordPress 数据去隐私化<br>作用：修改 WordPress 备份中某个用户的密码并再次进行备份</p>



<p>使用方法：<br>1. 在此脚本的分割线内写入相应的内容<br>2. 给此脚本添加执行权限<br>3. 执行此脚本</p>



<p>脚本分割线里的变量：<br>1. path=/home/zhumingyu/EternalCenter #本地备份目录<br>2. filename=eternalcenter-backup #本地备份文件<br>3. cpath=&#8221;/srv/www/htdocs&#8221; #网站程序目录<br>4. sqlfile=eternalcenter/eternalcenter.sql #网站数据库数据备份<br>5. tarfile=eternalcenter/eternalcenter.tar.gz #网站网页数据备份<br>6. newfilename=clone-eternalcenter-backup #新备份的文件名<br>7. user=&#8217;Mingyu Zhu&#8217; #要修改密码的用户<br>8. newpw=eternalcenter #新的用户密码<br>9. dbuser=ec #用于连接数据库的用户<br>10. dbuserpw=eternalcenter #用于连接数据库的密码<br>11. db=ec #网站数据库数据在数据库中的库</p>



<p>注意：<br>1. 本地需要已经搭建好 LNMP 平台<br>2. 执行此脚本的用户需要有远程服务器的 sudo tar 和 sudo rm 权限<br>3. 脚本 ”mysql -uroot -p&#8217;eternalcenter&#8217; -e &#8220;drop database $db;&#8221;“ 中 “eternalcenter“ 是指远程 MariaDB 数据库 root 用户的密码，需要修改成远程 MariaDB 数据库的 root 用户密码</p>



<h2>脚本</h2>



<pre class="wp-block-code"><code>#!/bin/bash

####################### Separator ########################

path=/home/zhumingyu/EternalCenter
filename=eternalcenter-backup
cpath="/srv/www/htdocs"
sqlfile=eternalcenter/eternalcenter.sql
tarfile=eternalcenter/eternalcenter.tar.gz
newfilename=clone-eternalcenter-backup
user='Mingyu Zhu'
newpw=eternalcenter
dbuser=ec
dbuserpw=eternalcenter
db=ec

####################### Separator ########################

date=$(date +%Y-%m-%d-%H)
dir=`pwd`

sudo systemctl stop nginx
sudo systemctl stop php-fpm

mkdir -p $path/$newfilename-$date &amp;&gt; /dev/null

mysql -uroot -p'eternalcenter' -e "drop database $db;"
mysql -uroot -p'eternalcenter' -e "create database $db;"
mysql -uroot -e "create user \"$dbuser\"@\"localhost\" identified by \"$dbuserpw\";"
mysql -uroot -p'eternalcenter' -e "grant all privileges on $db.* to \"$dbuser\"@'localhost';"
mysql -uroot -p'eternalcenter' ec &lt; $sqlfile
mysql -uroot -p'eternalcenter' -e "update $db.ec_users set user_pass = md5(\'$newpw\') where user_login = \'$user\';"
sudo rm -rf $cpath/*
sudo tar -zxvf $tarfile -C $cpath &amp;&gt; /dev/null
cd $cpath
sudo sed -i "s/define('DB_PASSWORD', .*);/define('DB_PASSWORD', \'$dbuserpw\');/" wp-config.php

mysqldump -uroot -p'eternalcenter' $db &gt; $path/$newfilename-$date/$newfilename-$date.sql
sudo tar -zcvf $path/$newfilename-$date/$newfilename-$date.tar.gz .&#91;!.]* * &amp;&gt; /dev/null
cd $dir

sudo systemctl start nginx
sudo systemctl start php-fpm

cd $dir</code></pre>
]]></content:encoded>
					
		
		
			</item>
	</channel>
</rss>
