<?xml version="1.0" encoding="UTF-8"?><rss version="2.0"
	xmlns:content="http://purl.org/rss/1.0/modules/content/"
	xmlns:wfw="http://wellformedweb.org/CommentAPI/"
	xmlns:dc="http://purl.org/dc/elements/1.1/"
	xmlns:atom="http://www.w3.org/2005/Atom"
	xmlns:sy="http://purl.org/rss/1.0/modules/syndication/"
	xmlns:slash="http://purl.org/rss/1.0/modules/slash/"
	>

<channel>
	<title>Paragraphs (段落) &#8211; Eternal Center</title>
	<atom:link href="./index.html" rel="self" type="application/rss+xml" />
	<link>./../../../../../index.html</link>
	<description></description>
	<lastBuildDate>Sat, 11 Jun 2022 15:01:58 +0000</lastBuildDate>
	<language>en-US</language>
	<sy:updatePeriod>
	hourly	</sy:updatePeriod>
	<sy:updateFrequency>
	1	</sy:updateFrequency>
	
	<item>
		<title>滑铁卢战争是好是坏？（《悲惨世界》第十七章经典段落摘抄）</title>
		<link>./../../../../../miserable-world-1/index.html</link>
		
		<dc:creator><![CDATA[Mingyu Zhu]]></dc:creator>
		<pubDate>Sat, 26 Jan 2019 14:12:32 +0000</pubDate>
				<category><![CDATA[Chinese (中文)]]></category>
		<category><![CDATA[Classics (经典)]]></category>
		<category><![CDATA[Famous Sayings & Paragraphs (名言 & 段落)]]></category>
		<category><![CDATA[Miserable World (悲惨世界)]]></category>
		<category><![CDATA[Paragraphs (段落)]]></category>
		<guid isPermaLink="false">./../../../../../index.html?p=1750</guid>

					<description><![CDATA[如果站在更高的层面看待滑铁卢战争，滑铁卢是一场反对君主制的胜利。它是欧洲对抗法国的胜利，是圣彼得堡、柏林、维也纳对抗巴黎的胜利。他是 1889 年 7 月 14 日，攻击了 1815 年的 3 月 20 日。过去一直是君主制度在不停地清理不屈不饶的“法国自由革命稍乱”，就如同不知疲倦的水手永不停息地清理甲板，而如今波旁王朝以及其他君主制势力联合起来，推翻了这位叱咤风云了二十六年的伟大人物——拿破仑，拿破仑帝国是专制的，但由于现实的状况，现在皇帝将被迫选择让国家自由，帝国的宪法秩序不情愿地接受了滑铁卢的结果。 （此段落翻译自一个版权已过期的《悲惨世界》版本，由站主根据自己的理解进行的翻译，如果喜欢这本书，建议阅读李丹和方于翻译的版本）]]></description>
										<content:encoded><![CDATA[
<p>如果站在更高的层面看待滑铁卢战争，滑铁卢是一场反对君主制的胜利。它是欧洲对抗法国的胜利，是圣彼得堡、柏林、维也纳对抗巴黎的胜利。他是 1889 年 7 月 14 日，攻击了 1815 年的 3 月 20 日。过去一直是君主制度在不停地清理不屈不饶的“法国自由革命稍乱”，就如同不知疲倦的水手永不停息地清理甲板，而如今波旁王朝以及其他君主制势力联合起来，推翻了这位叱咤风云了二十六年的伟大人物——拿破仑，拿破仑帝国是专制的，但由于现实的状况，现在皇帝将被迫选择让国家自由，帝国的宪法秩序不情愿地接受了滑铁卢的结果。</p>



<p>（此段落翻译自一个版权已过期的《悲惨世界》版本，由站主根据自己的理解进行的翻译，如果喜欢这本书，建议阅读李丹和方于翻译的版本）</p>
]]></content:encoded>
					
		
		
			</item>
	</channel>
</rss>
